{
	"data": [

		{
			"id": 1,
			"fid": 0,
			"title": "系统部门",
			"url": "www.baidu.com"
		}, {
			"id": 2,
			"fid": 0,
			"title": "用户部门",
			"url": "www.baidu.com"
		}, {
			"id": 3,
			"fid": 0,
			"title": "其他部门",
			"url": "www.baidu.com"
		}, {
			"id": 11,
			"fid": 1,
			"title": "系统部门1",
			"url": "www.google.com"
		}, {
			"id": 12,
			"fid": 1,
			"title": "系统部门2",
			"url": "www.google.com"
		}, {
			"id": 13,
			"fid": 1,
			"title": "系统部门3",
			"url": "www.google.com"
		}, {
			"id": 21,
			"fid": 2,
			"title": "用户部门1",
			"url": "www.google.com"
		}, {
			"id": 22,
			"fid": 2,
			"title": "用户部门2",
			"url": "www.google.com"
		}, {
			"id": 23,
			"fid": 2,
			"title": "用户部门3",
			"url": "www.google.com"
		}, {
			"id": 31,
			"fid": 3,
			"title": "其他部门1",
			"url": "www.google.com"
		}, {
			"id": 32,
			"fid": 3,
			"title": "其他部门2",
			"url": "www.google.com"
		}, {
			"id": 33,
			"fid": 3,
			"title": "其他部门3",
			"url": "www.google.com"
		}, {
			"id": 34,
			"fid": 31,
			"title": "其他部门11",
			"url": "www.chinaedu.com"
		}, {
			"id": 35,
			"fid": 31,
			"title": "其他部门12",
			"url": "www.chinaedu.com"
		}, {
			"id": 36,
			"fid": 31,
			"title": "其他部门13",
			"url": "www.chinaedu.com"
		}, {
			"id": 37,
			"fid": 36,
			"title": "其他部门131",
			"url": "www.360.com"
		}, {
			"id": 38,
			"fid": 37,
			"title": "其他部门1311",
			"url": "www.qq.com"
		}
	],
	"status": true

}